Year,Country,Average Satellite Altimetry
1993,Albania,-48.18
1993,Algeria,-41.16
1993,Angola,-37.31
1993,Antigua and Barbuda,-18.30
1993,Argentina,-12.16
1993,Australia,-67.57
1993,Bahamas,-43.06
1993,Bangladesh,-34.02
1993,Barbados,-51.68
1993,Belize,-53.46
1993,Bermuda,-52.29
1993,Brazil,-33.24
1993,Brunei,-69.81
1993,Cambodia,-76.89
1993,Canada,18.85
1993,Cape Verde,-45.79
1993,Chile,20.04
1993,China,-57.62
1993,Columbia,-24.75
1993,Comoros,-47.63
1993,Cook Islands,-41.98
1993,Costa Rica,-19.87
1993,Croatia,-76.10
1993,Cuba,-41.00
1993,Cyprus,-84.79
1993,Democratic Republic of Congo,-42.79
1993,Denmark,-23.29
1993,Dominica,-30.51
1993,Dominican Republic,-35.18
1993,Ecuador,-6.67
1993,Egypt,-70.19
1993,El Salvador,-1.79
1993,Equatorial Guinea,-42.32
1993,Eritrea,-15.82
1993,Estonia,-15.84
1993,Federal Republic of Somalia,-16.17
1993,Fiji,-77.28
1993,Finland,16.54
1993,France,-24.12
1993,Greece,-65.80
1993,Iceland,-34.95
1993,India,-28.30
1993,Indonesia,-92.37
1993,Italy,-42.09
1993,Japan,-38.10
1993,Kenya,-37.20
1993,Mexico,-3.26
1993,Pakistan,-30.57
1993,Philippines,-87.63
1993,Russia,3.26
1993,Saudi Arabia,-28.88
1993,Singapore,-19.47
1993,Solomon Islands,-139.69
1993,South Africa,-18.46
1993,South Korea,-58.83
1993,Sri Lanka,-24.87
1993,Thailand,-64.06
1993,UAE,-38.57
1993,UK,11.00
1993,US,-20.36
1993,Vietnam,-64.08
1993,Yemen,-29.14
1994,Albania,-29.74
1994,Algeria,-20.09
1994,Angola,-39.55
1994,Antigua and Barbuda,-8.66
1994,Argentina,-11.25
1994,Australia,-51.12
1994,Bahamas,-17.78
1994,Bangladesh,-69.52
1994,Barbados,-45.83
1994,Belize,-29.20
1994,Bermuda,-37.46
1994,Brazil,-28.64
1994,Brunei,-48.75
1994,Cambodia,-66.73
1994,Canada,14.97
1994,Cape Verde,-54.50
1994,Chile,19.44
1994,China,-28.58
1994,Columbia,-33.83
1994,Comoros,-52.54
1994,Cook Islands,-36.53
1994,Costa Rica,-30.97
1994,Croatia,-44.81
1994,Cuba,-8.82
1994,Cyprus,-50.63
1994,Democratic Republic of Congo,-49.10
1994,Denmark,-18.76
1994,Dominica,-16.80
1994,Dominican Republic,5.02
1994,Ecuador,-23.61
1994,Egypt,-47.61
1994,El Salvador,-32.45
1994,Equatorial Guinea,-50.68
1994,Eritrea,-22.30
1994,Estonia,-4.14
1994,Federal Republic of Somalia,-35.82
1994,Fiji,-74.20
1994,Finland,37.73
1994,France,-19.53
1994,Greece,-40.21
1994,Iceland,-41.45
1994,India,-19.29
1994,Indonesia,-97.12
1994,Italy,-29.65
1994,Japan,-19.26
1994,Kenya,-42.22
1994,Mexico,-12.08
1994,Pakistan,-29.35
1994,Philippines,-61.62
1994,Russia,10.75
1994,Saudi Arabia,-21.55
1994,Singapore,-49.90
1994,Solomon Islands,-57.95
1994,South Africa,-20.51
1994,South Korea,-36.48
1994,Sri Lanka,-17.33
1994,Thailand,-72.18
1994,UAE,-34.34
1994,UK,4.85
1994,US,-26.56
1994,Vietnam,-65.22
1994,Yemen,-34.57
1995,Albania,-31.77
1995,Algeria,-24.81
1995,Angola,-12.56
1995,Antigua and Barbuda,-39.23
1995,Argentina,-40.16
1995,Australia,-48.15
1995,Bahamas,-28.91
1995,Bangladesh,-17.64
1995,Barbados,-51.10
1995,Belize,-28.83
1995,Bermuda,-35.16
1995,Brazil,-25.07
1995,Brunei,-57.86
1995,Cambodia,-39.10
1995,Canada,14.18
1995,Cape Verde,-33.53
1995,Chile,21.68
1995,China,-53.37
1995,Columbia,-36.79
1995,Comoros,-25.03
1995,Cook Islands,-18.03
1995,Costa Rica,-36.85
1995,Croatia,-41.27
1995,Cuba,-21.77
1995,Cyprus,-49.96
1995,Democratic Republic of Congo,-8.60
1995,Denmark,13.68
1995,Dominica,-34.18
1995,Dominican Republic,-38.12
1995,Ecuador,-42.87
1995,Egypt,-44.66
1995,El Salvador,-42.99
1995,Equatorial Guinea,-20.16
1995,Eritrea,-20.94
1995,Estonia,43.69
1995,Federal Republic of Somalia,-21.45
1995,Fiji,-56.02
1995,Finland,58.71
1995,France,-17.13
1995,Greece,-42.53
1995,Iceland,-47.02
1995,India,-24.89
1995,Indonesia,-50.10
1995,Italy,-26.78
1995,Japan,-30.06
1995,Kenya,-22.26
1995,Mexico,-20.22
1995,Pakistan,-32.45
1995,Philippines,-62.84
1995,Russia,15.66
1995,Saudi Arabia,-25.46
1995,Singapore,-36.69
1995,Solomon Islands,-47.38
1995,South Africa,-24.91
1995,South Korea,-58.75
1995,Sri Lanka,-19.72
1995,Thailand,-36.73
1995,UAE,-32.00
1995,UK,13.14
1995,US,-16.98
1995,Vietnam,-47.63
1995,Yemen,-3.11
1996,Albania,-15.98
1996,Algeria,-38.81
1996,Angola,-16.24
1996,Antigua and Barbuda,-45.36
1996,Argentina,-29.58
1996,Australia,-30.23
1996,Bahamas,-38.63
1996,Bangladesh,-11.33
1996,Barbados,-37.26
1996,Belize,-52.27
1996,Bermuda,-27.94
1996,Brazil,-28.30
1996,Brunei,-34.17
1996,Cambodia,-39.74
1996,Canada,27.18
1996,Cape Verde,-16.85
1996,Chile,12.90
1996,China,-39.18
1996,Columbia,-45.12
1996,Comoros,-51.26
1996,Cook Islands,-10.22
1996,Costa Rica,-52.67
1996,Croatia,-27.81
1996,Cuba,-58.04
1996,Cyprus,-10.30
1996,Democratic Republic of Congo,-11.06
1996,Denmark,-60.58
1996,Dominica,-18.33
1996,Dominican Republic,-41.04
1996,Ecuador,-49.62
1996,Egypt,-18.49
1996,El Salvador,-56.48
1996,Equatorial Guinea,-25.97
1996,Eritrea,-25.80
1996,Estonia,-111.38
1996,Federal Republic of Somalia,-28.39
1996,Fiji,-21.43
1996,Finland,-71.29
1996,France,-16.02
1996,Greece,-19.73
1996,Iceland,7.66
1996,India,-23.46
1996,Indonesia,-12.61
1996,Italy,-7.65
1996,Japan,-38.01
1996,Kenya,-34.00
1996,Mexico,-40.77
1996,Pakistan,-40.15
1996,Philippines,-29.26
1996,Russia,21.40
1996,Saudi Arabia,-17.00
1996,Singapore,-40.45
1996,Solomon Islands,15.03
1996,South Africa,-25.44
1996,South Korea,-55.87
1996,Sri Lanka,-19.31
1996,Thailand,-39.76
1996,UAE,-26.70
1996,UK,21.15
1996,US,-26.33
1996,Vietnam,-46.79
1996,Yemen,-31.73
1997,Albania,-30.00
1997,Algeria,-40.25
1997,Angola,-37.06
1997,Antigua and Barbuda,2.15
1997,Argentina,-17.01
1997,Australia,-51.65
1997,Bahamas,-10.22
1997,Bangladesh,-106.68
1997,Barbados,-49.31
1997,Belize,-18.71
1997,Bermuda,-29.39
1997,Brazil,-23.39
1997,Brunei,-50.32
1997,Cambodia,-37.21
1997,Canada,26.22
1997,Cape Verde,-22.97
1997,Chile,25.26
1997,China,-29.33
1997,Columbia,31.56
1997,Comoros,-58.50
1997,Cook Islands,-25.03
1997,Costa Rica,90.20
1997,Croatia,-16.95
1997,Cuba,-7.22
1997,Cyprus,-32.74
1997,Democratic Republic of Congo,-40.20
1997,Denmark,4.88
1997,Dominica,-24.21
1997,Dominican Republic,-8.28
1997,Ecuador,147.57
1997,Egypt,-28.04
1997,El Salvador,125.99
1997,Equatorial Guinea,-30.55
1997,Eritrea,-14.14
1997,Estonia,8.24
1997,Federal Republic of Somalia,1.26
1997,Fiji,-20.00
1997,Finland,11.15
1997,France,-12.27
1997,Greece,-29.60
1997,Iceland,9.56
1997,India,-16.66
1997,Indonesia,-109.70
1997,Italy,-5.52
1997,Japan,-23.16
1997,Kenya,4.86
1997,Mexico,10.77
1997,Pakistan,-15.39
1997,Philippines,-93.26
1997,Russia,35.09
1997,Saudi Arabia,-18.62
1997,Singapore,-92.18
1997,Solomon Islands,-84.06
1997,South Africa,-30.31
1997,South Korea,-31.30
1997,Sri Lanka,-1.30
1997,Thailand,-86.42
1997,UAE,-29.93
1997,UK,32.26
1997,US,-5.57
1997,Vietnam,-40.95
1997,Yemen,-15.12
1998,Albania,-22.50
1998,Algeria,-34.42
1998,Angola,-18.88
1998,Antigua and Barbuda,-6.90
1998,Argentina,9.65
1998,Australia,-20.30
1998,Bahamas,0.81
1998,Bangladesh,-21.95
1998,Barbados,-22.80
1998,Belize,-31.98
1998,Bermuda,19.68
1998,Brazil,-26.88
1998,Brunei,-67.23
1998,Cambodia,-59.53
1998,Canada,16.64
1998,Cape Verde,-18.00
1998,Chile,28.75
1998,China,-12.93
1998,Columbia,-21.92
1998,Comoros,5.76
1998,Cook Islands,-99.87
1998,Costa Rica,15.49
1998,Croatia,-17.55
1998,Cuba,-7.53
1998,Cyprus,-22.92
1998,Democratic Republic of Congo,-23.71
1998,Denmark,-1.28
1998,Dominica,-16.27
1998,Dominican Republic,-4.68
1998,Ecuador,26.45
1998,Egypt,-43.29
1998,El Salvador,68.28
1998,Equatorial Guinea,-18.51
1998,Eritrea,-32.58
1998,Estonia,21.10
1998,Federal Republic of Somalia,-0.06
1998,Fiji,-89.94
1998,Finland,39.67
1998,France,-15.96
1998,Greece,-20.37
1998,Iceland,0.16
1998,India,-28.01
1998,Indonesia,-39.69
1998,Italy,-23.33
1998,Japan,-2.70
1998,Kenya,39.52
1998,Mexico,5.50
1998,Pakistan,-28.29
1998,Philippines,-34.40
1998,Russia,6.71
1998,Saudi Arabia,-38.19
1998,Singapore,-51.47
1998,Solomon Islands,-165.61
1998,South Africa,-20.18
1998,South Korea,-11.99
1998,Sri Lanka,-23.75
1998,Thailand,-49.04
1998,UAE,-28.82
1998,UK,16.06
1998,US,0.46
1998,Vietnam,-36.54
1998,Yemen,1.52
1999,Albania,-23.97
1999,Algeria,4.85
1999,Angola,-16.54
1999,Antigua and Barbuda,-36.98
1999,Argentina,-4.26
1999,Australia,-6.50
1999,Bahamas,-11.81
1999,Bangladesh,8.02
1999,Barbados,-34.75
1999,Belize,-20.94
1999,Bermuda,10.40
1999,Brazil,-28.48
1999,Brunei,-4.88
1999,Cambodia,-40.55
1999,Canada,-0.28
1999,Cape Verde,-39.15
1999,Chile,6.10
1999,China,3.02
1999,Columbia,-39.48
1999,Comoros,-29.43
1999,Cook Islands,-20.52
1999,Costa Rica,-50.74
1999,Croatia,-21.65
1999,Cuba,-22.46
1999,Cyprus,1.08
1999,Democratic Republic of Congo,-13.76
1999,Denmark,-9.87
1999,Dominica,-23.87
1999,Dominican Republic,-38.76
1999,Ecuador,-49.31
1999,Egypt,-35.49
1999,El Salvador,-52.45
1999,Equatorial Guinea,-17.15
1999,Eritrea,-31.66
1999,Estonia,0.13
1999,Federal Republic of Somalia,-31.32
1999,Fiji,-37.54
1999,Finland,23.79
1999,France,-4.33
1999,Greece,-2.57
1999,Iceland,-24.17
1999,India,-33.36
1999,Indonesia,14.18
1999,Italy,-35.11
1999,Japan,15.10
1999,Kenya,-39.41
1999,Mexico,-28.52
1999,Pakistan,-30.97
1999,Philippines,26.08
1999,Russia,11.10
1999,Saudi Arabia,-32.48
1999,Singapore,17.78
1999,Solomon Islands,-13.60
1999,South Africa,-2.25
1999,South Korea,10.62
1999,Sri Lanka,-30.12
1999,Thailand,-36.83
1999,UAE,-13.27
1999,UK,1.67
1999,US,-17.35
1999,Vietnam,-9.56
1999,Yemen,-50.31
2000,Albania,-11.02
2000,Algeria,5.94
2000,Angola,-20.25
2000,Antigua and Barbuda,-28.98
2000,Argentina,-24.36
2000,Australia,5.15
2000,Bahamas,-39.93
2000,Bangladesh,43.02
2000,Barbados,-36.34
2000,Belize,1.81
2000,Bermuda,-21.22
2000,Brazil,-20.72
2000,Brunei,16.70
2000,Cambodia,-25.27
2000,Canada,3.12
2000,Cape Verde,-21.59
2000,Chile,0.94
2000,China,-1.76
2000,Columbia,-36.87
2000,Comoros,-78.59
2000,Cook Islands,-15.60
2000,Costa Rica,-42.32
2000,Croatia,-11.82
2000,Cuba,-54.28
2000,Cyprus,-11.35
2000,Democratic Republic of Congo,-26.26
2000,Denmark,-12.56
2000,Dominica,-32.56
2000,Dominican Republic,-30.33
2000,Ecuador,-50.26
2000,Egypt,-72.12
2000,El Salvador,-34.18
2000,Equatorial Guinea,-30.88
2000,Eritrea,-64.68
2000,Estonia,31.64
2000,Federal Republic of Somalia,-40.45
2000,Fiji,14.36
2000,Finland,49.70
2000,France,-0.32
2000,Greece,-6.93
2000,Iceland,-29.88
2000,India,-15.90
2000,Indonesia,25.33
2000,Italy,-23.28
2000,Japan,1.67
2000,Kenya,-56.83
2000,Mexico,-24.41
2000,Pakistan,-27.21
2000,Philippines,24.41
2000,Russia,-0.26
2000,Saudi Arabia,-64.72
2000,Singapore,41.60
2000,Solomon Islands,37.65
2000,South Africa,-18.98
2000,South Korea,-7.18
2000,Sri Lanka,-14.43
2000,Thailand,-11.80
2000,UAE,-33.33
2000,UK,-2.00
2000,US,-20.96
2000,Vietnam,-9.45
2000,Yemen,-50.35
2001,Albania,-3.45
2001,Algeria,2.86
2001,Angola,-13.52
2001,Antigua and Barbuda,21.99
2001,Argentina,-9.55
2001,Australia,-1.37
2001,Bahamas,-17.39
2001,Bangladesh,6.22
2001,Barbados,-26.84
2001,Belize,-22.85
2001,Bermuda,-26.10
2001,Brazil,-13.12
2001,Brunei,12.73
2001,Cambodia,-5.83
2001,Canada,-0.85
2001,Cape Verde,-13.92
2001,Chile,-3.91
2001,China,7.26
2001,Columbia,-27.22
2001,Comoros,-70.62
2001,Cook Islands,-12.45
2001,Costa Rica,-38.97
2001,Croatia,5.55
2001,Cuba,-13.35
2001,Cyprus,-17.60
2001,Democratic Republic of Congo,-7.02
2001,Denmark,-4.72
2001,Dominica,-8.57
2001,Dominican Republic,16.81
2001,Ecuador,-34.74
2001,Egypt,-29.58
2001,El Salvador,-35.88
2001,Equatorial Guinea,-19.95
2001,Eritrea,-37.14
2001,Estonia,-4.73
2001,Federal Republic of Somalia,-33.72
2001,Fiji,9.74
2001,Finland,-4.76
2001,France,-12.78
2001,Greece,-4.57
2001,Iceland,-6.37
2001,India,-25.65
2001,Indonesia,10.95
2001,Italy,-5.75
2001,Japan,8.75
2001,Kenya,-52.86
2001,Mexico,-21.75
2001,Pakistan,-32.32
2001,Philippines,15.05
2001,Russia,-14.03
2001,Saudi Arabia,-37.04
2001,Singapore,-4.41
2001,Solomon Islands,30.69
2001,South Africa,-15.78
2001,South Korea,5.59
2001,Sri Lanka,-24.48
2001,Thailand,-2.31
2001,UAE,-36.78
2001,UK,-5.52
2001,US,-27.19
2001,Vietnam,13.23
2001,Yemen,-46.75
2002,Albania,-5.51
2002,Algeria,5.73
2002,Angola,-15.49
2002,Antigua and Barbuda,-0.73
2002,Argentina,-8.84
2002,Australia,-21.79
2002,Bahamas,32.01
2002,Bangladesh,-43.15
2002,Barbados,10.11
2002,Belize,23.65
2002,Bermuda,18.40
2002,Brazil,-5.53
2002,Brunei,-18.87
2002,Cambodia,-3.26
2002,Canada,5.81
2002,Cape Verde,-2.42
2002,Chile,-7.63
2002,China,-7.54
2002,Columbia,4.91
2002,Comoros,-45.76
2002,Cook Islands,-1.96
2002,Costa Rica,5.39
2002,Croatia,-4.64
2002,Cuba,27.73
2002,Cyprus,0.72
2002,Democratic Republic of Congo,-15.17
2002,Denmark,1.57
2002,Dominica,23.61
2002,Dominican Republic,16.87
2002,Ecuador,23.71
2002,Egypt,-17.40
2002,El Salvador,-6.77
2002,Equatorial Guinea,-4.31
2002,Eritrea,-21.61
2002,Estonia,-22.86
2002,Federal Republic of Somalia,-35.08
2002,Fiji,3.38
2002,Finland,-22.24
2002,France,-9.20
2002,Greece,-2.33
2002,Iceland,2.39
2002,India,-24.82
2002,Indonesia,-49.36
2002,Italy,-5.16
2002,Japan,4.24
2002,Kenya,-45.71
2002,Mexico,-6.10
2002,Pakistan,-32.99
2002,Philippines,-39.82
2002,Russia,3.30
2002,Saudi Arabia,-17.36
2002,Singapore,-56.14
2002,Solomon Islands,-25.17
2002,South Africa,-11.32
2002,South Korea,-1.59
2002,Sri Lanka,-19.26
2002,Thailand,-20.08
2002,UAE,-23.21
2002,UK,-3.41
2002,US,-3.25
2002,Vietnam,-16.23
2002,Yemen,-27.59
2003,Albania,-13.36
2003,Algeria,-4.71
2003,Angola,-3.21
2003,Antigua and Barbuda,22.57
2003,Argentina,-1.58
2003,Australia,-26.24
2003,Bahamas,42.03
2003,Bangladesh,-12.43
2003,Barbados,3.61
2003,Belize,18.39
2003,Bermuda,35.02
2003,Brazil,0.63
2003,Brunei,-15.54
2003,Cambodia,0.71
2003,Canada,20.02
2003,Cape Verde,-10.36
2003,Chile,2.22
2003,China,-5.99
2003,Columbia,6.99
2003,Comoros,-15.69
2003,Cook Islands,0.04
2003,Costa Rica,-4.80
2003,Croatia,-19.56
2003,Cuba,51.59
2003,Cyprus,-23.48
2003,Democratic Republic of Congo,-0.91
2003,Denmark,16.05
2003,Dominica,21.53
2003,Dominican Republic,40.31
2003,Ecuador,-10.74
2003,Egypt,-33.13
2003,El Salvador,0.68
2003,Equatorial Guinea,7.57
2003,Eritrea,-9.08
2003,Estonia,-14.55
2003,Federal Republic of Somalia,-29.31
2003,Fiji,-29.61
2003,Finland,-13.76
2003,France,-18.72
2003,Greece,-23.68
2003,Iceland,38.43
2003,India,-19.76
2003,Indonesia,-44.07
2003,Italy,-21.64
2003,Japan,3.59
2003,Kenya,-8.14
2003,Mexico,6.70
2003,Pakistan,-19.11
2003,Philippines,-57.74
2003,Russia,5.99
2003,Saudi Arabia,-13.93
2003,Singapore,-28.33
2003,Solomon Islands,-31.37
2003,South Africa,-4.15
2003,South Korea,1.07
2003,Sri Lanka,-22.80
2003,Thailand,-10.73
2003,UAE,-26.57
2003,UK,7.58
2003,US,9.34
2003,Vietnam,-10.24
2003,Yemen,-6.78
2004,Albania,-4.36
2004,Algeria,-3.77
2004,Angola,-16.36
2004,Antigua and Barbuda,-3.88
2004,Argentina,-0.64
2004,Australia,-26.67
2004,Bahamas,0.69
2004,Bangladesh,-19.61
2004,Barbados,1.98
2004,Belize,6.11
2004,Bermuda,13.84
2004,Brazil,1.07
2004,Brunei,-18.58
2004,Cambodia,11.92
2004,Canada,-5.10
2004,Cape Verde,6.84
2004,Chile,5.75
2004,China,-1.53
2004,Columbia,-4.48
2004,Comoros,0.65
2004,Cook Islands,-0.12
2004,Costa Rica,-5.92
2004,Croatia,-7.34
2004,Cuba,-6.91
2004,Cyprus,1.71
2004,Democratic Republic of Congo,-18.76
2004,Denmark,2.35
2004,Dominica,-5.22
2004,Dominican Republic,-6.90
2004,Ecuador,-19.02
2004,Egypt,5.54
2004,El Salvador,-13.85
2004,Equatorial Guinea,-11.14
2004,Eritrea,-8.02
2004,Estonia,19.97
2004,Federal Republic of Somalia,-16.95
2004,Fiji,-23.46
2004,Finland,29.59
2004,France,-7.20
2004,Greece,-4.93
2004,Iceland,15.49
2004,India,-10.90
2004,Indonesia,-35.78
2004,Italy,-9.09
2004,Japan,7.81
2004,Kenya,-8.31
2004,Mexico,6.34
2004,Pakistan,-2.55
2004,Philippines,-55.79
2004,Russia,-9.11
2004,Saudi Arabia,-9.81
2004,Singapore,-38.12
2004,Solomon Islands,-21.06
2004,South Africa,1.77
2004,South Korea,3.64
2004,Sri Lanka,-9.63
2004,Thailand,0.06
2004,UAE,-14.26
2004,UK,1.37
2004,US,5.29
2004,Vietnam,-26.56
2004,Yemen,-23.41
2005,Albania,-18.77
2005,Algeria,-17.41
2005,Angola,-2.00
2005,Antigua and Barbuda,-3.99
2005,Argentina,18.25
2005,Australia,-18.57
2005,Bahamas,-38.28
2005,Bangladesh,6.19
2005,Barbados,2.42
2005,Belize,-28.03
2005,Bermuda,-29.37
2005,Brazil,12.76
2005,Brunei,-32.38
2005,Cambodia,-33.33
2005,Canada,-7.64
2005,Cape Verde,7.57
2005,Chile,8.74
2005,China,-24.50
2005,Columbia,-6.26
2005,Comoros,18.24
2005,Cook Islands,3.10
2005,Costa Rica,-2.04
2005,Croatia,-17.18
2005,Cuba,-23.59
2005,Cyprus,4.07
2005,Democratic Republic of Congo,2.84
2005,Denmark,4.79
2005,Dominica,0.98
2005,Dominican Republic,-34.87
2005,Ecuador,-9.89
2005,Egypt,-10.56
2005,El Salvador,-2.31
2005,Equatorial Guinea,-2.82
2005,Eritrea,-14.06
2005,Estonia,21.89
2005,Federal Republic of Somalia,-11.28
2005,Fiji,-35.75
2005,Finland,22.14
2005,France,3.74
2005,Greece,-4.21
2005,Iceland,-10.43
2005,India,-7.27
2005,Indonesia,-21.26
2005,Italy,-17.84
2005,Japan,2.82
2005,Kenya,-8.10
2005,Mexico,8.98
2005,Pakistan,-14.68
2005,Philippines,-31.93
2005,Russia,-10.95
2005,Saudi Arabia,-17.13
2005,Singapore,-7.21
2005,Solomon Islands,-14.44
2005,South Africa,20.01
2005,South Korea,-25.63
2005,Sri Lanka,-13.36
2005,Thailand,-16.50
2005,UAE,-13.66
2005,UK,3.04
2005,US,-6.45
2005,Vietnam,-35.48
2005,Yemen,5.94
2006,Albania,-8.33
2006,Algeria,-10.77
2006,Angola,1.56
2006,Antigua and Barbuda,15.66
2006,Argentina,5.95
2006,Australia,-10.57
2006,Bahamas,-36.75
2006,Bangladesh,-43.43
2006,Barbados,8.14
2006,Belize,-13.60
2006,Bermuda,-35.63
2006,Brazil,9.73
2006,Brunei,-4.24
2006,Cambodia,-15.06
2006,Canada,-17.60
2006,Cape Verde,4.75
2006,Chile,8.65
2006,China,15.07
2006,Columbia,-0.94
2006,Comoros,15.37
2006,Cook Islands,22.57
2006,Costa Rica,1.87
2006,Croatia,-9.66
2006,Cuba,-22.92
2006,Cyprus,-9.89
2006,Democratic Republic of Congo,-3.59
2006,Denmark,-10.14
2006,Dominica,-0.95
2006,Dominican Republic,-4.24
2006,Ecuador,12.32
2006,Egypt,-9.90
2006,El Salvador,-1.79
2006,Equatorial Guinea,-3.16
2006,Eritrea,-8.21
2006,Estonia,-24.42
2006,Federal Republic of Somalia,-13.44
2006,Fiji,-4.54
2006,Finland,-17.48
2006,France,2.32
2006,Greece,4.12
2006,Iceland,8.38
2006,India,0.21
2006,Indonesia,-23.33
2006,Italy,-5.48
2006,Japan,-1.21
2006,Kenya,6.20
2006,Mexico,-3.55
2006,Pakistan,1.49
2006,Philippines,16.90
2006,Russia,-7.40
2006,Saudi Arabia,-7.58
2006,Singapore,-48.86
2006,Solomon Islands,10.42
2006,South Africa,11.47
2006,South Korea,-0.76
2006,Sri Lanka,-9.71
2006,Thailand,-29.05
2006,UAE,-16.96
2006,UK,-0.17
2006,US,-16.37
2006,Vietnam,-12.30
2006,Yemen,-2.25
2007,Albania,-15.81
2007,Algeria,-2.72
2007,Angola,12.97
2007,Antigua and Barbuda,30.64
2007,Argentina,1.14
2007,Australia,-2.72
2007,Bahamas,-7.47
2007,Bangladesh,-25.23
2007,Barbados,11.75
2007,Belize,-13.21
2007,Bermuda,-3.20
2007,Brazil,5.37
2007,Brunei,-11.36
2007,Cambodia,-18.41
2007,Canada,-10.68
2007,Cape Verde,-6.96
2007,Chile,-5.10
2007,China,-0.57
2007,Columbia,-24.53
2007,Comoros,72.72
2007,Cook Islands,23.38
2007,Costa Rica,-37.93
2007,Croatia,-20.60
2007,Cuba,-0.14
2007,Cyprus,-37.90
2007,Democratic Republic of Congo,18.28
2007,Denmark,45.43
2007,Dominica,9.60
2007,Dominican Republic,14.00
2007,Ecuador,-49.60
2007,Egypt,-23.73
2007,El Salvador,-35.87
2007,Equatorial Guinea,16.04
2007,Eritrea,-9.74
2007,Estonia,95.92
2007,Federal Republic of Somalia,29.71
2007,Fiji,14.83
2007,Finland,84.09
2007,France,0.08
2007,Greece,-13.27
2007,Iceland,17.06
2007,India,-1.98
2007,Indonesia,-13.26
2007,Italy,-1.77
2007,Japan,7.39
2007,Kenya,44.53
2007,Mexico,-12.70
2007,Pakistan,21.43
2007,Philippines,4.49
2007,Russia,-11.80
2007,Saudi Arabia,-12.59
2007,Singapore,-25.79
2007,Solomon Islands,13.94
2007,South Africa,29.43
2007,South Korea,10.82
2007,Sri Lanka,-6.15
2007,Thailand,-10.56
2007,UAE,15.54
2007,UK,-2.03
2007,US,-16.18
2007,Vietnam,-7.21
2007,Yemen,11.07
2008,Albania,-8.63
2008,Algeria,11.90
2008,Angola,14.06
2008,Antigua and Barbuda,-7.34
2008,Argentina,-6.70
2008,Australia,16.51
2008,Bahamas,12.62
2008,Bangladesh,31.74
2008,Barbados,-12.70
2008,Belize,10.94
2008,Bermuda,6.10
2008,Brazil,4.80
2008,Brunei,26.68
2008,Cambodia,22.27
2008,Canada,-14.94
2008,Cape Verde,1.90
2008,Chile,-8.59
2008,China,21.20
2008,Columbia,13.94
2008,Comoros,5.20
2008,Cook Islands,7.73
2008,Costa Rica,9.24
2008,Croatia,-16.21
2008,Cuba,6.65
2008,Cyprus,-8.16
2008,Democratic Republic of Congo,8.69
2008,Denmark,11.88
2008,Dominica,-15.95
2008,Dominican Republic,4.48
2008,Ecuador,7.01
2008,Egypt,23.50
2008,El Salvador,1.64
2008,Equatorial Guinea,10.06
2008,Eritrea,26.05
2008,Estonia,48.79
2008,Federal Republic of Somalia,20.54
2008,Fiji,58.14
2008,Finland,22.64
2008,France,3.67
2008,Greece,-10.05
2008,Iceland,-1.96
2008,India,26.30
2008,Indonesia,51.33
2008,Italy,4.50
2008,Japan,-1.98
2008,Kenya,19.63
2008,Mexico,-7.11
2008,Pakistan,12.36
2008,Philippines,78.54
2008,Russia,-8.69
2008,Saudi Arabia,30.93
2008,Singapore,49.02
2008,Solomon Islands,62.56
2008,South Africa,14.07
2008,South Korea,8.46
2008,Sri Lanka,31.78
2008,Thailand,35.42
2008,UAE,20.17
2008,UK,-11.52
2008,US,1.51
2008,Vietnam,27.65
2008,Yemen,10.31
2009,Albania,21.64
2009,Algeria,25.73
2009,Angola,17.99
2009,Antigua and Barbuda,-15.33
2009,Argentina,7.96
2009,Australia,22.20
2009,Bahamas,4.48
2009,Bangladesh,10.57
2009,Barbados,11.17
2009,Belize,3.07
2009,Bermuda,38.43
2009,Brazil,17.54
2009,Brunei,48.58
2009,Cambodia,12.47
2009,Canada,-5.92
2009,Cape Verde,8.05
2009,Chile,-6.59
2009,China,11.04
2009,Columbia,15.55
2009,Comoros,11.45
2009,Cook Islands,13.98
2009,Costa Rica,16.64
2009,Croatia,22.50
2009,Cuba,1.86
2009,Cyprus,14.99
2009,Democratic Republic of Congo,16.86
2009,Denmark,-14.46
2009,Dominica,-10.76
2009,Dominican Republic,-25.86
2009,Ecuador,17.89
2009,Egypt,34.01
2009,El Salvador,2.54
2009,Equatorial Guinea,14.14
2009,Eritrea,42.07
2009,Estonia,-42.51
2009,Federal Republic of Somalia,36.69
2009,Fiji,41.12
2009,Finland,-50.26
2009,France,14.98
2009,Greece,15.41
2009,Iceland,-6.99
2009,India,20.04
2009,Indonesia,29.59
2009,Italy,23.44
2009,Japan,1.05
2009,Kenya,6.56
2009,Mexico,21.44
2009,Pakistan,30.37
2009,Philippines,39.81
2009,Russia,-4.42
2009,Saudi Arabia,38.55
2009,Singapore,38.57
2009,Solomon Islands,47.98
2009,South Africa,6.71
2009,South Korea,21.44
2009,Sri Lanka,17.39
2009,Thailand,24.76
2009,UAE,23.96
2009,UK,-12.78
2009,US,12.99
2009,Vietnam,24.13
2009,Yemen,33.20
2010,Albania,55.51
2010,Algeria,8.75
2010,Angola,18.78
2010,Antigua and Barbuda,16.86
2010,Argentina,6.52
2010,Australia,41.48
2010,Bahamas,-12.69
2010,Bangladesh,25.92
2010,Barbados,55.45
2010,Belize,20.13
2010,Bermuda,-33.73
2010,Brazil,19.83
2010,Brunei,22.33
2010,Cambodia,45.43
2010,Canada,4.07
2010,Cape Verde,42.58
2010,Chile,-17.41
2010,China,14.95
2010,Columbia,22.58
2010,Comoros,68.32
2010,Cook Islands,8.83
2010,Costa Rica,12.39
2010,Croatia,65.24
2010,Cuba,-14.81
2010,Cyprus,67.24
2010,Democratic Republic of Congo,22.10
2010,Denmark,-23.74
2010,Dominica,41.20
2010,Dominican Republic,-1.79
2010,Ecuador,-6.59
2010,Egypt,92.12
2010,El Salvador,13.19
2010,Equatorial Guinea,24.08
2010,Eritrea,62.10
2010,Estonia,-91.06
2010,Federal Republic of Somalia,28.84
2010,Fiji,-3.00
2010,Finland,-94.61
2010,France,4.74
2010,Greece,59.55
2010,Iceland,20.23
2010,India,32.84
2010,Indonesia,54.62
2010,Italy,51.26
2010,Japan,17.93
2010,Kenya,24.21
2010,Mexico,2.91
2010,Pakistan,48.89
2010,Philippines,41.97
2010,Russia,-12.38
2010,Saudi Arabia,68.65
2010,Singapore,54.73
2010,Solomon Islands,-29.79
2010,South Africa,7.22
2010,South Korea,20.31
2010,Sri Lanka,31.54
2010,Thailand,57.87
2010,UAE,51.38
2010,UK,-10.06
2010,US,8.13
2010,Vietnam,62.66
2010,Yemen,36.77
2011,Albania,22.84
2011,Algeria,8.07
2011,Angola,28.60
2011,Antigua and Barbuda,9.00
2011,Argentina,17.31
2011,Australia,42.96
2011,Bahamas,-9.65
2011,Bangladesh,23.85
2011,Barbados,46.88
2011,Belize,8.85
2011,Bermuda,-5.13
2011,Brazil,11.80
2011,Brunei,48.53
2011,Cambodia,64.56
2011,Canada,-22.54
2011,Cape Verde,46.54
2011,Chile,-23.59
2011,China,6.98
2011,Columbia,18.89
2011,Comoros,45.94
2011,Cook Islands,32.19
2011,Costa Rica,1.91
2011,Croatia,31.44
2011,Cuba,-1.35
2011,Cyprus,17.06
2011,Democratic Republic of Congo,28.45
2011,Denmark,28.07
2011,Dominica,17.89
2011,Dominican Republic,12.97
2011,Ecuador,1.28
2011,Egypt,36.95
2011,El Salvador,-24.38
2011,Equatorial Guinea,18.87
2011,Eritrea,25.03
2011,Estonia,53.03
2011,Federal Republic of Somalia,30.03
2011,Fiji,72.96
2011,Finland,36.15
2011,France,9.97
2011,Greece,6.88
2011,Iceland,1.58
2011,India,46.76
2011,Indonesia,58.64
2011,Italy,16.13
2011,Japan,2.72
2011,Kenya,38.56
2011,Mexico,-9.80
2011,Pakistan,50.78
2011,Philippines,32.71
2011,Russia,-7.58
2011,Saudi Arabia,20.41
2011,Singapore,41.40
2011,Solomon Islands,91.10
2011,South Africa,2.17
2011,South Korea,-1.97
2011,Sri Lanka,31.44
2011,Thailand,54.76
2011,UAE,50.81
2011,UK,-12.72
2011,US,12.11
2011,Vietnam,26.54
2011,Yemen,11.72
2012,Albania,13.76
2012,Algeria,35.34
2012,Angola,22.98
2012,Antigua and Barbuda,45.80
2012,Argentina,18.31
2012,Australia,46.37
2012,Bahamas,32.91
2012,Bangladesh,61.81
2012,Barbados,35.73
2012,Belize,38.27
2012,Bermuda,24.37
2012,Brazil,24.96
2012,Brunei,57.23
2012,Cambodia,56.47
2012,Canada,-14.21
2012,Cape Verde,14.10
2012,Chile,-13.36
2012,China,37.51
2012,Columbia,32.91
2012,Comoros,28.83
2012,Cook Islands,28.57
2012,Costa Rica,34.81
2012,Croatia,6.86
2012,Cuba,37.70
2012,Cyprus,29.98
2012,Democratic Republic of Congo,22.71
2012,Denmark,18.26
2012,Dominica,27.43
2012,Dominican Republic,28.30
2012,Ecuador,22.01
2012,Egypt,60.70
2012,El Salvador,21.95
2012,Equatorial Guinea,34.10
2012,Eritrea,42.95
2012,Estonia,62.09
2012,Federal Republic of Somalia,40.08
2012,Fiji,60.60
2012,Finland,34.76
2012,France,22.45
2012,Greece,14.44
2012,Iceland,-6.46
2012,India,33.14
2012,Indonesia,56.93
2012,Italy,10.27
2012,Japan,7.85
2012,Kenya,34.61
2012,Mexico,24.94
2012,Pakistan,29.43
2012,Philippines,58.99
2012,Russia,-7.51
2012,Saudi Arabia,52.20
2012,Singapore,81.46
2012,Solomon Islands,74.16
2012,South Africa,5.97
2012,South Korea,43.14
2012,Sri Lanka,33.10
2012,Thailand,55.15
2012,UAE,40.94
2012,UK,-12.48
2012,US,28.19
2012,Vietnam,45.58
2012,Yemen,45.67
2013,Albania,41.66
2013,Algeria,30.23
2013,Angola,28.99
2013,Antigua and Barbuda,-0.91
2013,Argentina,23.35
2013,Australia,52.31
2013,Bahamas,48.27
2013,Bangladesh,46.52
2013,Barbados,34.05
2013,Belize,44.18
2013,Bermuda,22.11
2013,Brazil,33.54
2013,Brunei,53.01
2013,Cambodia,65.86
2013,Canada,-8.60
2013,Cape Verde,33.88
2013,Chile,-16.77
2013,China,25.84
2013,Columbia,27.33
2013,Comoros,29.65
2013,Cook Islands,21.61
2013,Costa Rica,10.36
2013,Croatia,41.39
2013,Cuba,51.03
2013,Cyprus,42.20
2013,Democratic Republic of Congo,23.24
2013,Denmark,0.19
2013,Dominica,8.21
2013,Dominican Republic,23.23
2013,Ecuador,5.68
2013,Egypt,47.89
2013,El Salvador,3.32
2013,Equatorial Guinea,30.09
2013,Eritrea,45.67
2013,Estonia,-31.88
2013,Federal Republic of Somalia,33.80
2013,Fiji,27.75
2013,Finland,-58.74
2013,France,28.29
2013,Greece,43.40
2013,Iceland,6.10
2013,India,36.50
2013,Indonesia,70.16
2013,Italy,36.45
2013,Japan,3.16
2013,Kenya,21.41
2013,Mexico,26.84
2013,Pakistan,38.77
2013,Philippines,65.99
2013,Russia,-5.67
2013,Saudi Arabia,45.05
2013,Singapore,62.45
2013,Solomon Islands,25.20
2013,South Africa,34.82
2013,South Korea,28.19
2013,Sri Lanka,35.29
2013,Thailand,70.66
2013,UAE,38.69
2013,UK,-12.33
2013,US,22.71
2013,Vietnam,64.47
2013,Yemen,45.91
2014,Albania,58.05
2014,Algeria,38.27
2014,Angola,26.18
2014,Antigua and Barbuda,24.94
2014,Argentina,34.22
2014,Australia,37.78
2014,Bahamas,77.91
2014,Bangladesh,37.61
2014,Barbados,49.82
2014,Belize,55.01
2014,Bermuda,58.53
2014,Brazil,29.47
2014,Brunei,29.64
2014,Cambodia,37.60
2014,Canada,-8.86
2014,Cape Verde,19.56
2014,Chile,-18.03
2014,China,33.84
2014,Columbia,68.93
2014,Comoros,72.73
2014,Cook Islands,41.79
2014,Costa Rica,73.94
2014,Croatia,59.26
2014,Cuba,77.82
2014,Cyprus,45.26
2014,Democratic Republic of Congo,25.86
2014,Denmark,-9.79
2014,Dominica,40.40
2014,Dominican Republic,77.89
2014,Ecuador,58.72
2014,Egypt,65.69
2014,El Salvador,69.33
2014,Equatorial Guinea,29.64
2014,Eritrea,53.78
2014,Estonia,-63.08
2014,Federal Republic of Somalia,40.52
2014,Fiji,18.38
2014,Finland,-79.25
2014,France,23.68
2014,Greece,40.96
2014,Iceland,6.24
2014,India,36.87
2014,Indonesia,27.43
2014,Italy,46.37
2014,Japan,13.06
2014,Kenya,35.54
2014,Mexico,60.51
2014,Pakistan,42.62
2014,Philippines,0.13
2014,Russia,0.54
2014,Saudi Arabia,56.13
2014,Singapore,42.64
2014,Solomon Islands,23.75
2014,South Africa,19.68
2014,South Korea,41.78
2014,Sri Lanka,33.49
2014,Thailand,51.13
2014,UAE,54.00
2014,UK,-11.25
2014,US,55.93
2014,Vietnam,34.68
2014,Yemen,55.29
2015,Albania,38.04
2015,Algeria,41.51
2015,Angola,40.19
2015,Antigua and Barbuda,52.94
2015,Argentina,36.17
2015,Australia,28.75
2015,Bahamas,99.73
2015,Bangladesh,34.19
2015,Barbados,60.79
2015,Belize,92.65
2015,Bermuda,94.22
2015,Brazil,43.02
2015,Brunei,-4.63
2015,Cambodia,28.05
2015,Canada,-14.11
2015,Cape Verde,25.53
2015,Chile,7.74
2015,China,22.73
2015,Columbia,100.49
2015,Comoros,105.78
2015,Cook Islands,46.02
2015,Costa Rica,129.39
2015,Croatia,38.10
2015,Cuba,110.37
2015,Cyprus,21.83
2015,Democratic Republic of Congo,44.92
2015,Denmark,54.26
2015,Dominica,46.85
2015,Dominican Republic,92.67
2015,Ecuador,124.86
2015,Egypt,68.44
2015,El Salvador,140.01
2015,Equatorial Guinea,40.86
2015,Eritrea,87.13
2015,Estonia,111.53
2015,Federal Republic of Somalia,60.06
2015,Fiji,10.56
2015,Finland,72.45
2015,France,40.80
2015,Greece,17.58
2015,Iceland,-22.41
2015,India,66.29
2015,Indonesia,-21.57
2015,Italy,25.71
2015,Japan,24.17
2015,Kenya,74.89
2015,Mexico,123.71
2015,Pakistan,74.80
2015,Philippines,-35.75
2015,Russia,19.08
2015,Saudi Arabia,80.78
2015,Singapore,36.13
2015,Solomon Islands,-11.55
2015,South Africa,35.88
2015,South Korea,33.88
2015,Sri Lanka,63.60
2015,Thailand,40.45
2015,UAE,84.34
2015,UK,-4.32
2015,US,85.19
2015,Vietnam,27.00
2015,Yemen,74.11
2016,Albania,41.83
2016,Algeria,59.35
2016,Angola,50.85
2016,Antigua and Barbuda,23.53
2016,Argentina,18.22
2016,Australia,35.13
2016,Bahamas,96.59
2016,Bangladesh,69.83
2016,Barbados,50.73
2016,Belize,96.14
2016,Bermuda,103.77
2016,Brazil,37.19
2016,Brunei,23.99
2016,Cambodia,31.12
2016,Canada,-21.08
2016,Cape Verde,42.40
2016,Chile,11.05
2016,China,42.76
2016,Columbia,61.11
2016,Comoros,58.45
2016,Cook Islands,38.05
2016,Costa Rica,54.92
2016,Croatia,30.68
2016,Cuba,92.53
2016,Cyprus,44.25
2016,Democratic Republic of Congo,54.21
2016,Denmark,30.40
2016,Dominica,34.16
2016,Dominican Republic,61.29
2016,Ecuador,30.12
2016,Egypt,84.32
2016,El Salvador,65.03
2016,Equatorial Guinea,49.30
2016,Eritrea,82.04
2016,Estonia,-5.84
2016,Federal Republic of Somalia,58.49
2016,Fiji,3.73
2016,Finland,-49.93
2016,France,34.29
2016,Greece,34.52
2016,Iceland,-2.98
2016,India,70.92
2016,Indonesia,37.64
2016,Italy,36.61
2016,Japan,47.37
2016,Kenya,74.50
2016,Mexico,103.57
2016,Pakistan,67.20
2016,Philippines,-12.76
2016,Russia,14.86
2016,Saudi Arabia,79.80
2016,Singapore,49.78
2016,Solomon Islands,-39.63
2016,South Africa,42.74
2016,South Korea,72.77
2016,Sri Lanka,72.64
2016,Thailand,71.90
2016,UAE,55.77
2016,UK,-11.04
2016,US,82.32
2016,Vietnam,30.92
2016,Yemen,68.13
2017,Albania,7.72
2017,Algeria,44.07
2017,Angola,39.99
2017,Antigua and Barbuda,16.00
2017,Argentina,56.59
2017,Australia,42.25
2017,Bahamas,75.95
2017,Bangladesh,44.58
2017,Barbados,47.77
2017,Belize,69.95
2017,Bermuda,116.47
2017,Brazil,45.15
2017,Brunei,50.59
2017,Cambodia,71.73
2017,Canada,-25.72
2017,Cape Verde,54.58
2017,Chile,1.29
2017,China,35.79
2017,Columbia,55.55
2017,Comoros,57.07
2017,Cook Islands,29.33
2017,Costa Rica,50.83
2017,Croatia,-5.65
2017,Cuba,45.82
2017,Cyprus,17.04
2017,Democratic Republic of Congo,32.33
2017,Denmark,59.66
2017,Dominica,23.92
2017,Dominican Republic,33.96
2017,Ecuador,43.44
2017,Egypt,28.73
2017,El Salvador,48.66
2017,Equatorial Guinea,38.30
2017,Eritrea,81.20
2017,Estonia,73.61
2017,Federal Republic of Somalia,48.14
2017,Fiji,38.44
2017,Finland,35.84
2017,France,31.05
2017,Greece,6.86
2017,Iceland,23.43
2017,India,41.06
2017,Indonesia,54.26
2017,Italy,24.28
2017,Japan,17.93
2017,Kenya,20.66
2017,Mexico,73.10
2017,Pakistan,51.89
2017,Philippines,38.11
2017,Russia,-3.16
2017,Saudi Arabia,61.39
2017,Singapore,89.46
2017,Solomon Islands,42.32
2017,South Africa,38.95
2017,South Korea,48.93
2017,Sri Lanka,33.68
2017,Thailand,71.80
2017,UAE,51.84
2017,UK,-9.86
2017,US,59.44
2017,Vietnam,54.72
2017,Yemen,65.48
2018,Albania,50.73
2018,Algeria,71.40
2018,Angola,52.08
2018,Antigua and Barbuda,37.41
2018,Argentina,57.42
2018,Australia,38.95
2018,Bahamas,92.57
2018,Bangladesh,33.19
2018,Barbados,66.55
2018,Belize,66.48
2018,Bermuda,86.34
2018,Brazil,45.61
2018,Brunei,35.87
2018,Cambodia,52.99
2018,Canada,-21.28
2018,Cape Verde,40.85
2018,Chile,-5.89
2018,China,23.09
2018,Columbia,62.26
2018,Comoros,89.51
2018,Cook Islands,45.89
2018,Costa Rica,64.26
2018,Croatia,44.47
2018,Cuba,68.47
2018,Cyprus,52.37
2018,Democratic Republic of Congo,51.40
2018,Denmark,11.02
2018,Dominica,50.21
2018,Dominican Republic,70.49
2018,Ecuador,57.36
2018,Egypt,51.97
2018,El Salvador,64.15
2018,Equatorial Guinea,59.41
2018,Eritrea,57.16
2018,Estonia,-37.13
2018,Federal Republic of Somalia,26.88
2018,Fiji,46.93
2018,Finland,-58.15
2018,France,48.94
2018,Greece,45.00
2018,Iceland,27.46
2018,India,36.27
2018,Indonesia,35.33
2018,Italy,50.54
2018,Japan,36.59
2018,Kenya,31.76
2018,Mexico,75.60
2018,Pakistan,52.56
2018,Philippines,18.72
2018,Russia,0.85
2018,Saudi Arabia,60.15
2018,Singapore,65.37
2018,Solomon Islands,76.36
2018,South Africa,33.68
2018,South Korea,36.18
2018,Sri Lanka,28.41
2018,Thailand,66.16
2018,UAE,41.16
2018,UK,-15.97
2018,US,59.75
2018,Vietnam,30.05
2018,Yemen,26.79
2019,Albania,37.56
2019,Algeria,77.74
2019,Angola,69.94
2019,Antigua and Barbuda,53.45
2019,Argentina,42.68
2019,Australia,32.14
2019,Bahamas,110.98
2019,Bangladesh,-30.24
2019,Barbados,80.75
2019,Belize,105.14
2019,Bermuda,96.71
2019,Brazil,57.33
2019,Brunei,19.53
2019,Cambodia,62.88
2019,Canada,-8.37
2019,Cape Verde,52.16
2019,Chile,-6.13
2019,China,39.87
2019,Columbia,64.29
2019,Comoros,110.95
2019,Cook Islands,69.31
2019,Costa Rica,62.19
2019,Croatia,27.07
2019,Cuba,107.04
2019,Cyprus,36.67
2019,Democratic Republic of Congo,77.89
2019,Denmark,28.75
2019,Dominica,57.14
2019,Dominican Republic,80.73
2019,Ecuador,44.87
2019,Egypt,61.63
2019,El Salvador,87.60
2019,Equatorial Guinea,81.26
2019,Eritrea,90.01
2019,Estonia,14.61
2019,Federal Republic of Somalia,83.97
2019,Fiji,55.81
2019,Finland,-53.41
2019,France,42.83
2019,Greece,32.93
2019,Iceland,49.50
2019,India,55.07
2019,Indonesia,-3.24
2019,Italy,40.09
2019,Japan,42.27
2019,Kenya,89.48
2019,Mexico,89.69
2019,Pakistan,78.85
2019,Philippines,0.72
2019,Russia,-18.93
2019,Saudi Arabia,90.15
2019,Singapore,-20.00
2019,Solomon Islands,31.61
2019,South Africa,45.29
2019,South Korea,63.79
2019,Sri Lanka,58.64
2019,Thailand,42.78
2019,UAE,77.13
2019,UK,-8.89
2019,US,82.37
2019,Vietnam,44.48
2019,Yemen,88.83
2020,Albania,30.60
2020,Algeria,92.43
2020,Angola,66.68
2020,Antigua and Barbuda,34.82
2020,Argentina,37.33
2020,Australia,50.22
2020,Bahamas,83.86
2020,Bangladesh,61.03
2020,Barbados,76.79
2020,Belize,110.74
2020,Bermuda,116.04
2020,Brazil,62.68
2020,Brunei,30.62
2020,Cambodia,69.81
2020,Canada,-20.00
2020,Cape Verde,52.40
2020,Chile,-8.56
2020,China,53.56
2020,Columbia,68.39
2020,Comoros,129.11
2020,Cook Islands,64.27
2020,Costa Rica,47.97
2020,Croatia,23.31
2020,Cuba,75.01
2020,Cyprus,40.89
2020,Democratic Republic of Congo,71.91
2020,Denmark,68.92
2020,Dominica,52.51
2020,Dominican Republic,48.88
2020,Ecuador,26.14
2020,Egypt,53.26
2020,El Salvador,34.55
2020,Equatorial Guinea,64.81
2020,Eritrea,81.61
2020,Estonia,113.62
2020,Federal Republic of Somalia,106.19
2020,Fiji,65.95
2020,Finland,58.64
2020,France,50.04
2020,Greece,29.29
2020,Iceland,15.84
2020,India,76.84
2020,Indonesia,58.74
2020,Italy,47.78
2020,Japan,54.71
2020,Kenya,120.30
2020,Mexico,80.57
2020,Pakistan,97.74
2020,Philippines,43.39
2020,Russia,-10.95
2020,Saudi Arabia,84.66
2020,Singapore,67.09
2020,Solomon Islands,56.65
2020,South Africa,63.54
2020,South Korea,61.62
2020,Sri Lanka,76.51
2020,Thailand,81.64
2020,UAE,108.87
2020,UK,-11.62
2020,US,81.77
2020,Vietnam,63.47
2020,Yemen,93.29
2021,Albania,29.19
2021,Algeria,108.61
2021,Angola,69.03
2021,Antigua and Barbuda,52.27
2021,Argentina,51.22
2021,Australia,74.97
2021,Bahamas,88.08
2021,Bangladesh,112.90
2021,Barbados,89.78
2021,Belize,107.31
2021,Bermuda,120.18
2021,Brazil,64.79
2021,Brunei,61.03
2021,Cambodia,77.32
2021,Canada,-12.03
2021,Cape Verde,62.04
2021,Chile,-10.84
2021,China,61.14
2021,Columbia,68.48
2021,Comoros,64.78
2021,Cook Islands,76.02
2021,Costa Rica,46.74
2021,Croatia,20.12
2021,Cuba,84.76
2021,Cyprus,57.58
2021,Democratic Republic of Congo,77.20
2021,Denmark,33.04
2021,Dominica,65.07
2021,Dominican Republic,65.62
2021,Ecuador,47.36
2021,Egypt,87.76
2021,El Salvador,48.96
2021,Equatorial Guinea,74.01
2021,Eritrea,108.99
2021,Estonia,-8.89
2021,Federal Republic of Somalia,63.52
2021,Fiji,107.08
2021,Finland,-72.14
2021,France,58.55
2021,Greece,32.97
2021,Iceland,27.14
2021,India,106.02
2021,Indonesia,108.88
2021,Italy,39.81
2021,Japan,55.99
2021,Kenya,71.19
2021,Mexico,67.31
2021,Pakistan,118.49
2021,Philippines,83.78
2021,Russia,-16.97
2021,Saudi Arabia,114.48
2021,Singapore,128.29
2021,Solomon Islands,122.04
2021,South Africa,50.58
2021,South Korea,78.03
2021,Sri Lanka,108.94
2021,Thailand,107.86
2021,UAE,111.48
2021,UK,-16.33
2021,US,82.13
2021,Vietnam,61.53
2021,Yemen,69.93
2022,Albania,30.26
2022,Algeria,100.51
2022,Angola,61.41
2022,Antigua and Barbuda,51.66
2022,Argentina,38.08
2022,Australia,82.84
2022,Bahamas,114.66
2022,Bangladesh,94.45
2022,Barbados,88.61
2022,Belize,130.77
2022,Bermuda,107.51
2022,Brazil,70.13
2022,Brunei,83.97
2022,Cambodia,108.67
2022,Canada,-10.49
2022,Cape Verde,62.32
2022,Chile,-21.97
2022,China,70.23
2022,Columbia,77.72
2022,Comoros,83.61
2022,Cook Islands,82.87
2022,Costa Rica,44.79
2022,Croatia,16.59
2022,Cuba,104.21
2022,Cyprus,42.93
2022,Democratic Republic of Congo,57.11
2022,Denmark,71.29
2022,Dominica,62.22
2022,Dominican Republic,87.53
2022,Ecuador,36.44
2022,Egypt,39.43
2022,El Salvador,2.93
2022,Equatorial Guinea,60.63
2022,Eritrea,71.16
2022,Estonia,46.66
2022,Federal Republic of Somalia,55.55
2022,Fiji,125.08
2022,Finland,-25.91
2022,France,63.50
2022,Greece,27.49
2022,Iceland,43.28
2022,India,82.61
2022,Indonesia,127.70
2022,Italy,40.13
2022,Japan,39.79
2022,Kenya,62.48
2022,Mexico,70.03
2022,Pakistan,104.98
2022,Philippines,101.51
2022,Russia,-5.09
2022,Saudi Arabia,70.63
2022,Singapore,97.24
2022,Solomon Islands,169.89
2022,South Africa,48.99
2022,South Korea,67.88
2022,Sri Lanka,71.72
2022,Thailand,121.45
2022,UAE,76.37
2022,UK,-6.25
2022,US,88.80
2022,Vietnam,92.87
2022,Yemen,53.47
2023,Albania,61.81
2023,Algeria,112.01
2023,Angola,85.28
2023,Antigua and Barbuda,48.50
2023,Argentina,52.06
2023,Australia,67.36
2023,Bahamas,104.96
2023,Bangladesh,-19.43
2023,Barbados,87.79
2023,Belize,143.55
2023,Bermuda,88.68
2023,Brazil,70.51
2023,Brunei,68.67
2023,Cambodia,87.97
2023,Canada,-14.01
2023,Cape Verde,82.94
2023,Chile,-9.27
2023,China,51.72
2023,Columbia,120.72
2023,Comoros,119.74
2023,Cook Islands,71.71
2023,Costa Rica,133.68
2023,Croatia,48.41
2023,Cuba,126.01
2023,Cyprus,66.74
2023,Democratic Republic of Congo,94.68
2023,Denmark,56.94
2023,Dominica,52.02
2023,Dominican Republic,80.62
2023,Ecuador,131.83
2023,Egypt,100.49
2023,El Salvador,139.68
2023,Equatorial Guinea,96.05
2023,Eritrea,106.39
2023,Estonia,36.82
2023,Federal Republic of Somalia,87.70
2023,Fiji,108.86
2023,Finland,-30.36
2023,France,69.99
2023,Greece,57.73
2023,Iceland,53.82
2023,India,70.77
2023,Indonesia,43.97
2023,Italy,71.05
2023,Japan,46.92
2023,Kenya,76.37
2023,Mexico,105.31
2023,Pakistan,92.24
2023,Philippines,39.09
2023,Russia,1.83
2023,Saudi Arabia,108.50
2023,Singapore,12.77
2023,Solomon Islands,106.04
2023,South Africa,52.72
2023,South Korea,67.42
2023,Sri Lanka,56.56
2023,Thailand,64.19
2023,UAE,75.53
2023,UK,-4.00
2023,US,95.05
2023,Vietnam,71.71
2023,Yemen,72.56
2024,Albania,55.60
2024,Algeria,115.17
2024,Angola,84.68
2024,Antigua and Barbuda,41.07
2024,Argentina,39.40
2024,Australia,76.96
2024,Bahamas,89.96
2024,Bangladesh,57.94
2024,Barbados,116.82
2024,Belize,111.90
2024,Bermuda,61.48
2024,Brazil,82.08
2024,Brunei,50.52
2024,Cambodia,90.47
2024,Canada,-4.11
2024,Cape Verde,86.09
2024,Chile,-15.92
2024,China,65.68
2024,Columbia,93.45
2024,Comoros,212.17
2024,Cook Islands,77.95
2024,Costa Rica,73.16
2024,Croatia,52.68
2024,Cuba,87.53
2024,Cyprus,61.81
2024,Democratic Republic of Congo,95.51
2024,Denmark,70.64
2024,Dominica,75.42
2024,Dominican Republic,60.79
2024,Ecuador,52.32
2024,Egypt,65.59
2024,El Salvador,73.64
2024,Equatorial Guinea,91.45
2024,Eritrea,76.90
2024,Estonia,21.75
2024,Federal Republic of Somalia,93.32
2024,Fiji,72.55
2024,Finland,-39.41
2024,France,81.96
2024,Greece,69.62
2024,Iceland,34.69
2024,India,75.82
2024,Indonesia,62.31
2024,Italy,71.12
2024,Japan,66.60
2024,Kenya,122.04
2024,Mexico,104.31
2024,Pakistan,96.70
2024,Philippines,58.72
2024,Russia,1.60
2024,Saudi Arabia,78.79
2024,Singapore,105.55
2024,Solomon Islands,51.29
2024,South Africa,61.40
2024,South Korea,85.56
2024,Sri Lanka,76.10
2024,Thailand,107.33
2024,UAE,85.60
2024,UK,-2.27
2024,US,98.24
2024,Vietnam,75.40
2024,Yemen,94.83

